[
    {
      "id": 1,
      "order_number": "ORD12345",
      "date": "2023-06-15",
      "tracking_number": "TRK98765",
      "name": "John Doe",
      "address": "123 Main St, Cityville",
      "feedback": "Delivery was on time and the packaging was secure."
    },
    {
      "id": 2,
      "order_number": "ORD54321",
      "date": "2023-06-16",
      "tracking_number": "TRK67549",
      "name": "Jane Smith",
      "address": "456 Elm St, Townsville",
      "feedback": "Customer support took too long to respond."
    },
    {
      "id": 3,
      "order_number": "ORD67890",
      "date": "2023-06-17",
      "tracking_number": "TRK34521",
      "name": "Alice Johnson",
      "address": "789 Oak Ave, Villageview",
      "feedback": "The package arrived damaged, but replacement was sent quickly."
    },
    {
      "id": 4,
      "order_number": "ORD09876",
      "date": "2023-06-18",
      "tracking_number": "TRK12089",
      "name": "Bob Brown",
      "address": "101 Pine Rd, Districtville",
      "feedback": "Instructions for return were unclear."
    },
    {
      "id": 5,
      "order_number": "ORD11223",
      "date": "2023-06-19",
      "tracking_number": "TRK55221",
      "name": "Emma Davis",
      "address": "202 Maple Dr, Uptown",
      "feedback": "Excellent shipping speed, arrived earlier than expected."
    }
  ]